{"cameraMode":{"drawMode":0,"name":"Shaded","section":"Shading Mode"},"sceneLighting":false,"audioPlay":false,"sceneViewState":{"m_AlwaysRefresh":false,"showFog":true,"showSkybox":false,"showFlares":true,"showImageEffects":true,"showParticleSystems":true,"showVisualEffectGraphs":true,"m_FxEnabled":true},"in2DMode":false,"pivot":{"x":0.21953029930591584,"y":1.7907108068466187,"z":0.11565595120191574},"rotation":{"x":0.10883751511573792,"y":-0.7213091254234314,"z":0.11623070389032364,"w":0.6742804050445557},"size":1.0896220207214356,"orthographic":false}