{"cameraMode":{"drawMode":0,"name":"Shaded","section":"Shading Mode"},"sceneLighting":false,"audioPlay":false,"sceneViewState":{"m_AlwaysRefresh":false,"showFog":true,"showSkybox":false,"showFlares":true,"showImageEffects":true,"showParticleSystems":true,"showVisualEffectGraphs":true,"m_FxEnabled":true},"in2DMode":false,"pivot":{"x":0.21899563074111939,"y":0.12112793326377869,"z":-0.12814533710479737},"rotation":{"x":0.43093496561050417,"y":-0.10031699389219284,"z":0.048333730548620227,"w":0.8955453634262085},"size":0.17044156789779664,"orthographic":false}