{"cameraMode":{"drawMode":0,"name":"Shaded","section":"Shading Mode"},"sceneLighting":true,"audioPlay":false,"sceneViewState":{"m_AlwaysRefresh":false,"showFog":true,"showSkybox":true,"showFlares":true,"showImageEffects":true,"showParticleSystems":true,"showVisualEffectGraphs":true,"m_FxEnabled":true},"in2DMode":false,"pivot":{"x":-26.785802841186525,"y":-0.602996826171875,"z":13.235909461975098},"rotation":{"x":0.13559603691101075,"y":-0.48225146532058718,"z":0.07584648579359055,"w":0.8621464371681213},"size":12.12435531616211,"orthographic":false}