{"cameraMode":{"drawMode":0,"name":"Shaded","section":"Shading Mode"},"sceneLighting":true,"audioPlay":false,"sceneViewState":{"m_AlwaysRefresh":false,"showFog":true,"showSkybox":true,"showFlares":true,"showImageEffects":true,"showParticleSystems":true,"showVisualEffectGraphs":true,"m_FxEnabled":true},"in2DMode":false,"pivot":{"x":-0.0026178883854299785,"y":0.794485867023468,"z":0.7335144877433777},"rotation":{"x":0.1953766793012619,"y":-0.7143756747245789,"z":0.2198072373867035,"w":0.634962260723114},"size":1.5496771335601807,"orthographic":false}