{"cameraMode":{"drawMode":0,"name":"Shaded","section":"Shading Mode"},"sceneLighting":true,"audioPlay":false,"sceneViewState":{"m_AlwaysRefresh":false,"showFog":true,"showSkybox":true,"showFlares":true,"showImageEffects":true,"showParticleSystems":true,"showVisualEffectGraphs":true,"m_FxEnabled":true},"in2DMode":false,"pivot":{"x":542.4683837890625,"y":245.70401000976563,"z":389.2822265625},"rotation":{"x":0.04047619178891182,"y":-0.02605387382209301,"z":0.0011001263046637178,"w":0.9988943338394165},"size":390.58880615234377,"orthographic":false}