{"cameraMode":{"drawMode":0,"name":"Shaded","section":"Shading Mode"},"sceneLighting":true,"audioPlay":false,"sceneViewState":{"m_AlwaysRefresh":false,"showFog":true,"showSkybox":true,"showFlares":true,"showImageEffects":true,"showParticleSystems":true,"showVisualEffectGraphs":true,"m_FxEnabled":true},"in2DMode":false,"pivot":{"x":476.60394287109377,"y":-28.646392822265626,"z":1240.927001953125},"rotation":{"x":0.11518640071153641,"y":0.034017276018857959,"z":-0.003940889146178961,"w":0.9928568601608276},"size":915.1088256835938,"orthographic":false}