{"cameraMode":{"drawMode":0,"name":"Shaded","section":"Shading Mode"},"sceneLighting":true,"audioPlay":false,"sceneViewState":{"m_AlwaysRefresh":false,"showFog":true,"showSkybox":true,"showFlares":true,"showImageEffects":true,"showParticleSystems":true,"showVisualEffectGraphs":true,"m_FxEnabled":true},"in2DMode":false,"pivot":{"x":18.63514518737793,"y":19.544506072998048,"z":14.8677978515625},"rotation":{"x":0.2044442892074585,"y":0.24918068945407868,"z":-0.053851209580898288,"w":0.9452211856842041},"size":1.6859474182128907,"orthographic":false}