{"cameraMode":{"drawMode":0,"name":"Shaded","section":"Shading Mode"},"sceneLighting":true,"audioPlay":false,"sceneViewState":{"m_AlwaysRefresh":false,"showFog":true,"showSkybox":true,"showFlares":true,"showImageEffects":true,"showParticleSystems":true,"showVisualEffectGraphs":true,"m_FxEnabled":true},"in2DMode":false,"pivot":{"x":2.8552169799804689,"y":9.266209602355957,"z":-6.62544584274292},"rotation":{"x":-0.3126506805419922,"y":-0.012848785147070885,"z":0.004200241528451443,"w":-0.9498077630996704},"size":2.9011728763580324,"orthographic":false}