{"cameraMode":{"drawMode":0,"name":"Shaded","section":"Shading Mode"},"sceneLighting":true,"audioPlay":false,"sceneViewState":{"m_AlwaysRefresh":false,"showFog":true,"showSkybox":true,"showFlares":true,"showImageEffects":true,"showParticleSystems":true,"showVisualEffectGraphs":true,"m_FxEnabled":true},"in2DMode":false,"pivot":{"x":-114.28958892822266,"y":43.236995697021487,"z":16.056425094604493},"rotation":{"x":0.09368374943733216,"y":0.6060392260551453,"z":-0.07212109863758087,"w":0.7866608500480652},"size":2.284250020980835,"orthographic":false}