{"cameraMode":{"drawMode":0,"name":"Shaded","section":"Shading Mode"},"sceneLighting":true,"audioPlay":false,"sceneViewState":{"m_AlwaysRefresh":false,"showFog":true,"showSkybox":true,"showFlares":true,"showImageEffects":true,"showParticleSystems":true,"showVisualEffectGraphs":true,"m_FxEnabled":true},"in2DMode":false,"pivot":{"x":-0.07007378339767456,"y":-1.112480878829956,"z":46.446041107177737},"rotation":{"x":0.07767492532730103,"y":0.07917485386133194,"z":-0.006188159808516502,"w":0.9938109517097473},"size":12.12435531616211,"orthographic":false}