{"cameraMode":{"drawMode":0,"name":"Shaded","section":"Shading Mode"},"sceneLighting":true,"audioPlay":false,"sceneViewState":{"m_AlwaysRefresh":false,"showFog":true,"showSkybox":true,"showFlares":true,"showImageEffects":true,"showParticleSystems":true,"showVisualEffectGraphs":true,"m_FxEnabled":true},"in2DMode":false,"pivot":{"x":1.0834922790527344,"y":0.7642689943313599,"z":0.7175558805465698},"rotation":{"x":0.19742447137832642,"y":-0.427043616771698,"z":0.09619519859552384,"w":0.8772867321968079},"size":1.5928846597671509,"orthographic":false}