{"cameraMode":{"drawMode":0,"name":"Shaded","section":"Shading Mode"},"sceneLighting":true,"audioPlay":false,"sceneViewState":{"m_AlwaysRefresh":false,"showFog":true,"showSkybox":true,"showFlares":true,"showImageEffects":true,"showParticleSystems":true,"showVisualEffectGraphs":true,"m_FxEnabled":true},"in2DMode":false,"pivot":{"x":0.400440514087677,"y":1.3799171447753907,"z":0.9287984371185303},"rotation":{"x":-0.004055950790643692,"y":0.9953762292861939,"z":-0.08230611681938172,"w":-0.04901555925607681},"size":1.4378124475479127,"orthographic":false}