{"cameraMode":{"drawMode":0,"name":"Shaded","section":"Shading Mode"},"sceneLighting":true,"audioPlay":false,"sceneViewState":{"m_AlwaysRefresh":false,"showFog":true,"showSkybox":true,"showFlares":true,"showImageEffects":true,"showParticleSystems":true,"showVisualEffectGraphs":true,"m_FxEnabled":true},"in2DMode":false,"pivot":{"x":583.5530395507813,"y":310.7589111328125,"z":-503.7127380371094},"rotation":{"x":0.03599444404244423,"y":0.008423306047916413,"z":-0.00033303271629847586,"w":0.9993801712989807},"size":0.8660253882408142,"orthographic":false}