{"cameraMode":{"drawMode":0,"name":"Shaded","section":"Shading Mode"},"sceneLighting":true,"audioPlay":false,"sceneViewState":{"m_AlwaysRefresh":false,"showFog":true,"showSkybox":true,"showFlares":true,"showImageEffects":true,"showParticleSystems":true,"showVisualEffectGraphs":true,"m_FxEnabled":true},"in2DMode":false,"pivot":{"x":21.653329849243165,"y":22.443679809570314,"z":-54.818302154541019},"rotation":{"x":0.3495441973209381,"y":-0.33362069725990298,"z":0.13483962416648866,"w":0.8651171326637268},"size":2.284250020980835,"orthographic":false}