{"cameraMode":{"drawMode":0,"name":"Shaded","section":"Shading Mode"},"sceneLighting":true,"audioPlay":false,"sceneViewState":{"m_AlwaysRefresh":false,"showFog":true,"showSkybox":true,"showFlares":true,"showImageEffects":true,"showParticleSystems":true,"showVisualEffectGraphs":true,"m_FxEnabled":true},"in2DMode":false,"pivot":{"x":25.25126838684082,"y":14.01960277557373,"z":-47.245094299316409},"rotation":{"x":0.05659826099872589,"y":-0.6764056086540222,"z":0.05135417357087135,"w":0.7333076000213623},"size":1.2119168043136597,"orthographic":false}