{"cameraMode":{"drawMode":0,"name":"Shaded","section":"Shading Mode"},"sceneLighting":true,"audioPlay":false,"sceneViewState":{"m_AlwaysRefresh":false,"showFog":true,"showSkybox":true,"showFlares":true,"showImageEffects":true,"showParticleSystems":true,"showVisualEffectGraphs":true,"m_FxEnabled":true},"in2DMode":false,"pivot":{"x":-33.96572494506836,"y":11.847044944763184,"z":-32.16975784301758},"rotation":{"x":-0.04345020279288292,"y":-0.042528290301561359,"z":-0.0018091433448716999,"w":0.9981963038444519},"size":2.284250020980835,"orthographic":false}