{"cameraMode":{"drawMode":0,"name":"Shaded","section":"Shading Mode"},"sceneLighting":false,"audioPlay":false,"sceneViewState":{"m_AlwaysRefresh":false,"showFog":true,"showSkybox":false,"showFlares":true,"showImageEffects":true,"showParticleSystems":true,"showVisualEffectGraphs":true,"m_FxEnabled":true},"in2DMode":false,"pivot":{"x":-1.3487021923065186,"y":0.14882634580135346,"z":-0.2916412353515625},"rotation":{"x":-0.08409220725297928,"y":0.9033322334289551,"z":-0.20760776102542878,"w":-0.36593562364578249},"size":1.4962778091430665,"orthographic":false}