{"cameraMode":{"drawMode":0,"name":"Shaded","section":"Shading Mode"},"sceneLighting":false,"audioPlay":false,"sceneViewState":{"m_AlwaysRefresh":false,"showFog":true,"showSkybox":false,"showFlares":true,"showImageEffects":true,"showParticleSystems":true,"showVisualEffectGraphs":true,"m_FxEnabled":true},"in2DMode":false,"pivot":{"x":0.3829716444015503,"y":0.3655931055545807,"z":0.13080111145973206},"rotation":{"x":-0.19790148735046388,"y":0.733342707157135,"z":-0.2402760088443756,"w":-0.6046183705329895},"size":0.08248915523290634,"orthographic":false}