{"cameraMode":{"drawMode":0,"name":"Shaded","section":"Shading Mode"},"sceneLighting":false,"audioPlay":false,"sceneViewState":{"m_AlwaysRefresh":false,"showFog":true,"showSkybox":false,"showFlares":true,"showImageEffects":true,"showParticleSystems":true,"showVisualEffectGraphs":true,"m_FxEnabled":true},"in2DMode":false,"pivot":{"x":2.9809658527374269,"y":1.2530173063278199,"z":-2.634408473968506},"rotation":{"x":0.03567981719970703,"y":-0.9375571608543396,"z":0.10107851028442383,"w":0.3309039771556854},"size":1.1838189363479615,"orthographic":false}