{"cameraMode":{"drawMode":0,"name":"Shaded","section":"Shading Mode"},"sceneLighting":false,"audioPlay":false,"sceneViewState":{"m_AlwaysRefresh":false,"showFog":true,"showSkybox":false,"showFlares":true,"showImageEffects":true,"showParticleSystems":true,"showVisualEffectGraphs":true,"m_FxEnabled":true},"in2DMode":false,"pivot":{"x":0.009479235857725144,"y":-0.02658676914870739,"z":0.005838602781295776},"rotation":{"x":0.006162884179502726,"y":0.9917920231819153,"z":-0.11657147109508515,"w":0.05241592973470688},"size":0.12948741018772126,"orthographic":false}