{"cameraMode":{"drawMode":0,"name":"Shaded","section":"Shading Mode"},"sceneLighting":false,"audioPlay":false,"sceneViewState":{"m_AlwaysRefresh":false,"showFog":true,"showSkybox":false,"showFlares":true,"showImageEffects":true,"showParticleSystems":true,"showVisualEffectGraphs":true,"m_FxEnabled":true},"in2DMode":false,"pivot":{"x":0.7422916889190674,"y":2.904633045196533,"z":-1.9549524784088135},"rotation":{"x":0.16956773400306703,"y":-0.016309689730405809,"z":0.002846372313797474,"w":0.9855287671089172},"size":0.8660253882408142,"orthographic":false}