{"cameraMode":{"drawMode":0,"name":"Shaded","section":"Shading Mode"},"sceneLighting":false,"audioPlay":false,"sceneViewState":{"m_AlwaysRefresh":false,"showFog":true,"showSkybox":false,"showFlares":true,"showImageEffects":true,"showParticleSystems":true,"showVisualEffectGraphs":true,"m_FxEnabled":true},"in2DMode":false,"pivot":{"x":0.29295113682746889,"y":0.5844098329544067,"z":0.027544435113668443},"rotation":{"x":0.02300422452390194,"y":-0.9662931561470032,"z":0.09243974834680557,"w":0.2397870570421219},"size":1.6580506563186646,"orthographic":false}