{"cameraMode":{"drawMode":0,"name":"Shaded","section":"Shading Mode"},"sceneLighting":false,"audioPlay":false,"sceneViewState":{"m_AlwaysRefresh":false,"showFog":true,"showSkybox":false,"showFlares":true,"showImageEffects":true,"showParticleSystems":true,"showVisualEffectGraphs":true,"m_FxEnabled":true},"in2DMode":false,"pivot":{"x":-0.6166014075279236,"y":0.39236757159233096,"z":-2.783409595489502},"rotation":{"x":0.10874034464359284,"y":-0.7211472988128662,"z":0.11629930138587952,"w":0.6742391586303711},"size":1.5273151397705079,"orthographic":false}