{"cameraMode":{"drawMode":0,"name":"Shaded","section":"Shading Mode"},"sceneLighting":true,"audioPlay":false,"sceneViewState":{"m_AlwaysRefresh":false,"showFog":true,"showSkybox":true,"showFlares":true,"showImageEffects":true,"showParticleSystems":true,"showVisualEffectGraphs":true,"m_FxEnabled":true},"in2DMode":false,"pivot":{"x":-0.012058496475219727,"y":1.0064455270767213,"z":0.6129248142242432},"rotation":{"x":-0.08247397094964981,"y":0.8361202478408814,"z":-0.13097910583019257,"w":-0.5263906121253967},"size":1.3037617206573487,"orthographic":false}