{"cameraMode":{"drawMode":0,"name":"Shaded","section":"Shading Mode"},"sceneLighting":true,"audioPlay":false,"sceneViewState":{"m_AlwaysRefresh":false,"showFog":true,"showSkybox":true,"showFlares":true,"showImageEffects":true,"showParticleSystems":true,"showVisualEffectGraphs":true,"m_FxEnabled":true},"in2DMode":false,"pivot":{"x":2.185134172439575,"y":1.4563217163085938,"z":4.518064975738525},"rotation":{"x":-0.04014842212200165,"y":0.9591739773750305,"z":-0.1784081906080246,"w":-0.21589063107967378},"size":0.29017651081085207,"orthographic":false}