{"cameraMode":{"drawMode":0,"name":"Shaded","section":"Shading Mode"},"sceneLighting":true,"audioPlay":false,"sceneViewState":{"m_AlwaysRefresh":false,"showFog":true,"showSkybox":true,"showFlares":true,"showImageEffects":true,"showParticleSystems":true,"showVisualEffectGraphs":true,"m_FxEnabled":true},"in2DMode":false,"pivot":{"x":-2.019484281539917,"y":1.5701615810394288,"z":1.8315168619155884},"rotation":{"x":0.059453267604112628,"y":0.9263160824775696,"z":-0.16511699557304383,"w":0.3335321545600891},"size":0.5255656242370606,"orthographic":false}