{"cameraMode":{"drawMode":0,"name":"Shaded","section":"Shading Mode"},"sceneLighting":true,"audioPlay":false,"sceneViewState":{"m_AlwaysRefresh":false,"showFog":true,"showSkybox":true,"showFlares":true,"showImageEffects":true,"showParticleSystems":true,"showVisualEffectGraphs":true,"m_FxEnabled":true},"in2DMode":false,"pivot":{"x":0.3310509920120239,"y":1.5353565216064454,"z":1.2167348861694337},"rotation":{"x":-0.02568686380982399,"y":0.8500607013702393,"z":-0.041586946696043017,"w":-0.524545431137085},"size":1.6349310874938965,"orthographic":false}